datetime,load,consumer_id
2015-08-12,6.244,mm199762
2015-08-13,9.425,mm199762
2015-08-14,12.641,mm199762
2015-08-15,14.56,mm199762
2015-08-16,4.517,mm199762
2015-08-17,7.756,mm199762
2015-08-18,7.982,mm199762
2015-08-19,6.345,mm199762
2015-08-20,6.525,mm199762
2015-08-21,8.605,mm199762
2015-08-22,15.322,mm199762
2015-08-23,9.958,mm199762
2015-08-24,6.71,mm199762
2015-08-25,9.635,mm199762
2015-08-26,8.171,mm199762
2015-08-27,7.866,mm199762
2015-08-28,8.44,mm199762
2015-08-29,13.318,mm199762
2015-08-30,9.162,mm199762
2015-08-31,10.977,mm199762
2015-09-01,9.495,mm199762
2015-09-02,8.946,mm199762
2015-09-03,8.558,mm199762
2015-09-04,6.017,mm199762
2015-09-05,16.246,mm199762
2015-09-06,7.452,mm199762
2015-09-07,10.486,mm199762
2015-09-08,6.734,mm199762
2015-09-09,9.364,mm199762
2015-09-10,9.209,mm199762
2015-09-11,6.833,mm199762
2015-09-12,14.56,mm199762
2015-09-13,16.968,mm199762
2015-09-14,10.749,mm199762
2015-09-15,10.373,mm199762
2015-09-16,7.804,mm199762
2015-09-17,8.655,mm199762
2015-09-18,9.818,mm199762
2015-09-19,11.794,mm199762
2015-09-20,15.457,mm199762
2015-09-21,7.2,mm199762
2015-09-22,6.47,mm199762
2015-09-23,8.921,mm199762
2015-09-24,8.129,mm199762
2015-09-25,7.893,mm199762
2015-09-26,15.161,mm199762
2015-09-27,15.577,mm199762
2015-09-28,10.059,mm199762
2015-09-29,9.359,mm199762
2015-09-30,7.624,mm199762
2015-10-01,11.752,mm199762
2015-10-02,8.662,mm199762
2015-10-03,23.854,mm199762
2015-10-04,17.092,mm199762
2015-10-05,8.862,mm199762
2015-10-06,17.554,mm199762
2015-10-07,10.958,mm199762
2015-10-08,18.206,mm199762
2015-10-09,13.261,mm199762
2015-10-10,16.445,mm199762
2015-10-11,13.627,mm199762
2015-10-12,11.389,mm199762
2015-10-13,12.181,mm199762
2015-10-14,14.55,mm199762
2015-10-15,20.866,mm199762
2015-10-16,13.501,mm199762
2015-10-17,15.081,mm199762
2015-10-18,20.897,mm199762
2015-10-19,11.368,mm199762
2015-10-20,14.603,mm199762
2015-10-21,13.088,mm199762
2015-10-22,14.48,mm199762
2015-10-23,15.922,mm199762
2015-10-24,18.34,mm199762
2015-10-25,18.587,mm199762
2015-10-26,18.554,mm199762
2015-10-27,15.437,mm199762
2015-10-28,13.451,mm199762
2015-10-29,18.168,mm199762
2015-10-30,14.742,mm199762
2015-10-31,21.884,mm199762
2015-11-01,9.927,mm199762
2015-11-02,13.949,mm199762
2015-11-03,15.671,mm199762
2015-11-04,12.568,mm199762
2015-11-05,16.019,mm199762
2015-11-06,15.866,mm199762
2015-11-07,17.22,mm199762
2015-11-08,12.088,mm199762
2015-11-09,11.047,mm199762
2015-11-10,12.792,mm199762
2015-11-11,11.497,mm199762
2015-11-12,12.273,mm199762
2015-11-13,17.22,mm199762
2015-11-14,22.51,mm199762
2015-11-15,15.008,mm199762
2015-11-16,10.882,mm199762
2015-11-17,15.998,mm199762
2015-11-18,13.451,mm199762
2015-11-19,13.883,mm199762
2015-11-20,14.199,mm199762
2015-11-21,20.005,mm199762
2015-11-22,22.57,mm199762
2015-11-23,11.601,mm199762
2015-11-24,17.29,mm199762
2015-11-25,17.494,mm199762
2015-11-26,12.862,mm199762
2015-11-27,19.828,mm199762
2015-11-28,27.371,mm199762
2015-11-29,19.978,mm199762
2015-11-30,15.589,mm199762
2015-12-01,13.799,mm199762
2015-12-02,10.687,mm199762
2015-12-03,18.587,mm199762
2015-12-04,14.371,mm199762
2015-12-05,15.385,mm199762
2015-12-06,20.025,mm199762
2015-12-07,14.533,mm199762
2015-12-08,11.566,mm199762
2015-12-09,15.586,mm199762
2015-12-10,9.966,mm199762
2015-12-11,16.619,mm199762
2015-12-12,16.139,mm199762
2015-12-13,23.649,mm199762
2015-12-14,13.495,mm199762
2015-12-15,13.586,mm199762
2015-12-16,13.887,mm199762
2015-12-17,16.043,mm199762
2015-12-18,18.044,mm199762
2015-12-19,25.627,mm199762
2015-12-20,14.34,mm199762
2015-12-21,15.597,mm199762
2015-12-22,15.235,mm199762
2015-12-23,15.59,mm199762
2015-12-24,19.226,mm199762
2015-12-25,19.559,mm199762
2015-12-26,19.045,mm199762
2015-12-27,10.4,mm199762
2015-12-28,13.699,mm199762
2015-12-29,18.188,mm199762
2015-12-30,9.778,mm199762
2015-12-31,18.37,mm199762
2016-01-01,21.434,mm199762
2016-01-02,27.315,mm199762
2016-01-03,23.725,mm199762
2016-01-04,12.051,mm199762
2016-01-05,18.208,mm199762
2016-01-06,11.415,mm199762
2016-01-07,17.221,mm199762
2016-01-08,16.296,mm199762
2016-01-09,17.531,mm199762
2016-01-10,19.04,mm199762
2016-01-11,17.882,mm199762
2016-01-12,11.673,mm199762
2016-01-13,15.387,mm199762
2016-01-14,17.507,mm199762
2016-01-15,11.693,mm199762
2016-01-16,23.592,mm199762
2016-01-17,16.849,mm199762
2016-01-18,13.034,mm199762
2016-01-19,13.264,mm199762
2016-01-20,18.181,mm199762
2016-01-21,13.268,mm199762
2016-01-22,13.428,mm199762
2016-01-23,23.018,mm199762
2016-01-24,16.438,mm199762
2016-01-25,15.882,mm199762
2016-01-26,13.417,mm199762
2016-01-27,15.666,mm199762
2016-01-28,14.725,mm199762
2016-01-29,15.413,mm199762
2016-01-30,19.575,mm199762
2016-01-31,15.573,mm199762
2016-02-01,13.397,mm199762
2016-02-02,12.743,mm199762
2016-02-03,13.66,mm199762
2016-02-04,15.203,mm199762
2016-02-05,12.321,mm199762
2016-02-06,17.638,mm199762
2016-02-07,15.806,mm199762
2016-02-08,24.848,mm199762
2016-02-09,12.622,mm199762
2016-02-10,16.791,mm199762
2016-02-11,14.321,mm199762
2016-02-12,14.023,mm199762
2016-02-13,15.752,mm199762
2016-02-14,24.311,mm199762
2016-02-15,14.627,mm199762
2016-02-16,13.169,mm199762
2016-02-17,17.047,mm199762
2016-02-18,18.748,mm199762
2016-02-19,14.52,mm199762
2016-02-20,17.63,mm199762
2016-02-21,12.687,mm199762
2016-02-22,13.696,mm199762
2016-02-23,13.383,mm199762
2016-02-24,16.751,mm199762
2016-02-25,10.815,mm199762
2016-02-26,12.797,mm199762
2016-02-27,22.097,mm199762
2016-02-28,12.157,mm199762
2016-02-29,14.436,mm199762
2016-03-01,13.268,mm199762
2016-03-02,13.862,mm199762
2016-03-03,16.283,mm199762
2016-03-04,10.936,mm199762
2016-03-05,25.88,mm199762
2016-03-06,20.296,mm199762
2016-03-07,13.192,mm199762
2016-03-08,10.898,mm199762
2016-03-09,19.206,mm199762
2016-03-10,12.465,mm199762
2016-03-11,14.622,mm199762
2016-03-12,21.497,mm199762
2016-03-13,19.625,mm199762
2016-03-14,15.073,mm199762
2016-03-15,15.704,mm199762
2016-03-16,16.815,mm199762
2016-03-17,13.633,mm199762
2016-03-18,14.766,mm199762
2016-03-19,20.519,mm199762
2016-03-20,13.5,mm199762
2016-03-21,15.975,mm199762
2016-03-22,13.746,mm199762
2016-03-23,15.101,mm199762
2016-03-24,14.206,mm199762
2016-03-25,14.193,mm199762
2016-03-26,16.757,mm199762
2016-03-27,11.48,mm199762
2016-03-28,14.445,mm199762
2016-03-29,12.533,mm199762
2016-03-30,14.708,mm199762
2016-03-31,13.924,mm199762
2016-04-01,9.733,mm199762
2016-04-02,14.59,mm199762
2016-04-03,15.392,mm199762
2016-04-04,10.893,mm199762
2016-04-05,13.465,mm199762
2016-04-06,12.891,mm199762
2016-04-07,12.665,mm199762
2016-04-08,14.211,mm199762
2016-04-09,15.818,mm199762
2016-04-10,18.924,mm199762
2016-04-11,15.383,mm199762
2016-04-12,11.4,mm199762
2016-04-13,10.024,mm199762
2016-04-14,14.499,mm199762
2016-04-15,11.18,mm199762
2016-04-16,9.62,mm199762
2016-04-17,16.083,mm199762
2016-04-18,8.617,mm199762
2016-04-19,9.329,mm199762
2016-04-20,11.747,mm199762
2016-04-21,11.622,mm199762
2016-04-22,11.342,mm199762
2016-04-23,16.858,mm199762
2016-04-24,17.55,mm199762
2016-04-25,11.377,mm199762
2016-04-26,9.673,mm199762
2016-04-27,9.366,mm199762
2016-04-28,10.88,mm199762
2016-04-29,16.425,mm199762
2016-04-30,11.35,mm199762
2016-05-01,11.882,mm199762
2016-05-02,14.699,mm199762
2016-05-03,15.87,mm199762
2016-05-04,10.119,mm199762
2016-05-05,13.34,mm199762
2016-05-06,10.431,mm199762
2016-05-07,18.772,mm199762
2016-05-08,16.804,mm199762
2016-05-09,12.505,mm199762
2016-05-10,10.049,mm199762
2016-05-11,14.623,mm199762
2016-05-12,9.208,mm199762
2016-05-13,13.357,mm199762
2016-05-14,11.868,mm199762
2016-05-15,10.265,mm199762
2016-05-16,12.083,mm199762
2016-05-17,11.396,mm199762
2016-05-18,14.111,mm199762
2016-05-19,13.936,mm199762
2016-05-20,10.682,mm199762
2016-05-21,9.432,mm199762
2016-05-22,18.578,mm199762
2016-05-23,9.916,mm199762
2016-05-24,9.877,mm199762
2016-05-25,14.918,mm199762
2016-05-26,10.379,mm199762
2016-05-27,10.032,mm199762
2016-05-28,16.952,mm199762
2016-05-29,16.182,mm199762
2016-05-30,12.471,mm199762
2016-05-31,8.67,mm199762
2016-06-01,13.487,mm199762
2016-06-02,9.247,mm199762
2016-06-03,6.93,mm199762
2016-06-04,16.76,mm199762
2016-06-05,8.555,mm199762
2016-06-06,12.983,mm199762
2016-06-07,13.181,mm199762
2016-06-08,11.129,mm199762
2016-06-09,12.773,mm199762
2016-06-10,11.695,mm199762
2016-06-11,20.439,mm199762
2016-06-12,13.942,mm199762
2016-06-13,10.508,mm199762
2016-06-14,11.82,mm199762
2016-06-15,12.916,mm199762
2016-06-16,10.246,mm199762
2016-06-17,13.823,mm199762
2016-06-18,5.079,mm199762
2016-06-19,13.975,mm199762
2016-06-20,12.602,mm199762
2016-06-21,10.666,mm199762
2016-06-22,11.283,mm199762
2016-06-23,10.964,mm199762
2016-06-24,11.908,mm199762
2016-06-25,16.301,mm199762
2016-06-26,19.444,mm199762
2016-06-27,13.527,mm199762
2016-06-28,11.021,mm199762
2016-06-29,10.554,mm199762
2016-06-30,11.507,mm199762
2016-07-01,7.106,mm199762
2016-07-02,12.895,mm199762
2016-07-03,13.262,mm199762
2016-07-04,11.247,mm199762
2016-07-05,8.135,mm199762
2016-07-06,9.813,mm199762
2016-07-07,13.481,mm199762
2016-07-08,2.824,mm199762
2016-07-09,2.387,mm199762
2016-07-10,2.384,mm199762
2016-07-11,2.503,mm199762
2016-07-12,2.556,mm199762
2016-07-13,2.596,mm199762
2016-07-14,2.463,mm199762
2016-07-15,2.305,mm199762
2016-07-16,2.2,mm199762
2016-07-17,2.172,mm199762
2016-07-18,2.215,mm199762
2016-07-19,2.253,mm199762
2016-07-20,3.589,mm199762
2016-07-21,11.315,mm199762
2016-07-22,12.2,mm199762
2016-07-23,5.016,mm199762
2016-07-24,17.594,mm199762
2016-07-25,9.365,mm199762
2016-07-26,9.344,mm199762
2016-07-27,8.715,mm199762
2016-07-28,11.193,mm199762
2016-07-29,9.871,mm199762
2016-07-30,12.717,mm199762
2016-07-31,6.6,mm199762
2016-08-01,15.163,mm199762
2016-08-02,9.097,mm199762
2016-08-03,10.124,mm199762
2016-08-04,10.508,mm199762
2016-08-05,13.673,mm199762
2016-08-06,16.324,mm199762
2016-08-07,13.32,mm199762
2016-08-08,9.904,mm199762
2016-08-09,13.177,mm199762
2016-08-10,11.183,mm199762
2016-08-11,12.76,mm199762
2016-08-12,10.184,mm199762
2016-08-13,16.111,mm199762
2016-08-14,6.902,mm199762
2016-08-15,10.539,mm199762
2016-08-16,10.504,mm199762
2016-08-17,16.056,mm199762
2016-08-18,10.882,mm199762
2016-08-19,8.17,mm199762
2016-08-20,3.298,mm199762
2016-08-21,8.107,mm199762
2016-08-22,8.852,mm199762
2016-08-23,12.03,mm199762
2016-08-24,11.708,mm199762
2016-08-25,10.324,mm199762
2016-08-26,10.808,mm199762
2016-08-27,6.191,mm199762
2016-08-28,7.72,mm199762
2016-08-29,10.778,mm199762
2016-08-30,13.551,mm199762
2016-08-31,16.399,mm199762
2016-09-01,11.808,mm199762
2016-09-02,10.14,mm199762
2016-09-03,8.704,mm199762
2016-09-04,13.448,mm199762
2016-09-05,8.748,mm199762
2016-09-06,12.758,mm199762
2016-09-07,15.422,mm199762
2016-09-08,8.205,mm199762
2016-09-09,10.448,mm199762
2016-09-10,13.319,mm199762
2016-09-11,14.595,mm199762
2016-09-12,9.582,mm199762
2016-09-13,8.663,mm199762
2016-09-14,12.943,mm199762
2016-09-15,10.624,mm199762
2016-09-16,10.774,mm199762
2016-09-17,11.045,mm199762
2016-09-18,17.213,mm199762
2016-09-19,10.497,mm199762
2016-09-20,8.778,mm199762
2016-09-21,11.044,mm199762
2016-09-22,9.832,mm199762
2016-09-23,14.586,mm199762
2016-09-24,13.794,mm199762
2016-09-25,10.82,mm199762
2016-09-26,10.261,mm199762
2016-09-27,12.531,mm199762
2016-09-28,13.282,mm199762
2016-09-29,7.399,mm199762
2016-09-30,13.332,mm199762
2016-10-01,6.081,mm199762
2016-10-02,15.57,mm199762
2016-10-03,7.866,mm199762
2016-10-04,8.844,mm199762
2016-10-05,14.68,mm199762
2016-10-06,7.725,mm199762
2016-10-07,12.518,mm199762
2016-10-08,15.383,mm199762
2016-10-09,16.64,mm199762
2016-10-10,9.445,mm199762
2016-10-11,10.987,mm199762
2016-10-12,16.154,mm199762
2016-10-13,12.991,mm199762
2016-10-14,11.329,mm199762
2016-10-15,16.664,mm199762
2016-10-16,15.595,mm199762
2016-10-17,9.344,mm199762
2016-10-18,15.309,mm199762
2016-10-19,11.395,mm199762
2016-10-20,12.137,mm199762
2016-10-21,13.436,mm199762
2016-10-22,15.673,mm199762
2016-10-23,17.525,mm199762
2016-10-24,11.622,mm199762
2016-10-25,10.356,mm199762
2016-10-26,14.593,mm199762
2016-10-27,11.26,mm199762
2016-10-28,10.091,mm199762
2016-10-29,20.314,mm199762
2016-10-30,7.994,mm199762
2016-10-31,13.966,mm199762
2016-11-01,8.76,mm199762
2016-11-02,7.963,mm199762
2016-11-03,13.719,mm199762
2016-11-04,11.984,mm199762
2016-11-05,18.956,mm199762
2016-11-06,17.131,mm199762
2016-11-07,14.587,mm199762
2016-11-08,10.994,mm199762
2016-11-09,10.943,mm199762
2016-11-10,13.845,mm199762
2016-11-11,13.001,mm199762
2016-11-12,15.416,mm199762
2016-11-13,12.188,mm199762
2016-11-14,13.233,mm199762
2016-11-15,14.055,mm199762
2016-11-16,10.943,mm199762
2016-11-17,10.822,mm199762
2016-11-18,13.371,mm199762
2016-11-19,20.14,mm199762
2016-11-20,17.01,mm199762
2016-11-21,12.221,mm199762
2016-11-22,11.813,mm199762
2016-11-23,13.48,mm199762
2016-11-24,10.882,mm199762
2016-11-25,15.544,mm199762
2016-11-26,27.238,mm199762
2016-11-27,14.601,mm199762
2016-11-28,13.867,mm199762
2016-11-29,14.783,mm199762
2016-11-30,11.025,mm199762
2016-12-01,12.885,mm199762
2016-12-02,14.491,mm199762
2016-12-03,19.157,mm199762
2016-12-04,12.919,mm199762
2016-12-05,15.895,mm199762
2016-12-06,14.316,mm199762
2016-12-07,16.874,mm199762
2016-12-08,10.233,mm199762
2016-12-09,11.659,mm199762
2016-12-10,16.151,mm199762
2016-12-11,18.046,mm199762
2016-12-12,10.828,mm199762
2016-12-13,13.891,mm199762
2016-12-14,16.979,mm199762
2016-12-15,11.894,mm199762
2016-12-16,14.74,mm199762
2016-12-17,11.206,mm199762
2016-12-18,18.527,mm199762
2016-12-19,13.145,mm199762
2016-12-20,11.505,mm199762
2016-12-21,13.951,mm199762
2016-12-22,15.363,mm199762
2016-12-23,13.146,mm199762
2016-12-24,21.136,mm199762
2016-12-25,9.649,mm199762
2016-12-26,9.551,mm199762
2016-12-27,18.01,mm199762
2016-12-28,10.782,mm199762
2016-12-29,15.75,mm199762
2016-12-30,18.497,mm199762
2016-12-31,10.997,mm199762
2017-01-01,15.55,mm199762
2017-01-02,17.944,mm199762
2017-01-03,11.631,mm199762
2017-01-04,14.293,mm199762
2017-01-05,12.923,mm199762
2017-01-06,11.848,mm199762
2017-01-07,18.407,mm199762
2017-01-08,20.67,mm199762
2017-01-09,18.591,mm199762
2017-01-10,15.504,mm199762
2017-01-11,17.82,mm199762
2017-01-12,14.693,mm199762
2017-01-13,17.416,mm199762
2017-01-14,12.967,mm199762
2017-01-15,19.147,mm199762
2017-01-16,16.155,mm199762
2017-01-17,11.772,mm199762
2017-01-18,15.699,mm199762
2017-01-19,14.181,mm199762
2017-01-20,14.521,mm199762
2017-01-21,18.413,mm199762
2017-01-22,19.873,mm199762
2017-01-23,12.993,mm199762
2017-01-24,13.44,mm199762
2017-01-25,15.75,mm199762
2017-01-26,10.524,mm199762
2017-01-27,14.96,mm199762
2017-01-28,16.026,mm199762
2017-01-29,10.97,mm199762
2017-01-30,18.652,mm199762
2017-01-31,13.83,mm199762
2017-02-01,16.655,mm199762
2017-02-02,13.235,mm199762
2017-02-03,12.733,mm199762
2017-02-04,18.773,mm199762
2017-02-05,24.592,mm199762
2017-02-06,11.947,mm199762
2017-02-07,11.356,mm199762
2017-02-08,18.716,mm199762
2017-02-09,13.699,mm199762
2017-02-10,17.588,mm199762
2017-02-11,23.891,mm199762
2017-02-12,21.034,mm199762
2017-02-13,10.625,mm199762
2017-02-14,12.127,mm199762
2017-02-15,12.446,mm199762
2017-02-16,19.143,mm199762
2017-02-17,13.225,mm199762
2017-02-18,18.159,mm199762
2017-02-19,12.176,mm199762
2017-02-20,13.277,mm199762
2017-02-21,15.712,mm199762
2017-02-22,13.524,mm199762
2017-02-23,10.953,mm199762
2017-02-24,12.248,mm199762
2017-02-25,21.616,mm199762
2017-02-26,20.089,mm199762
2017-02-27,16.763,mm199762
2017-02-28,13.351,mm199762
2017-03-01,14.522,mm199762
2017-03-02,19.015,mm199762
2017-03-03,12.75,mm199762
2017-03-04,10.253,mm199762
2017-03-05,18.649,mm199762
2017-03-06,10.936,mm199762
2017-03-07,14.195,mm199762
2017-03-08,10.609,mm199762
2017-03-09,11.908,mm199762
2017-03-10,12.788,mm199762
2017-03-11,19.638,mm199762
2017-03-12,18.688,mm199762
2017-03-13,15.202,mm199762
2017-03-14,15.549,mm199762
2017-03-15,9.368,mm199762
2017-03-16,12.716,mm199762
2017-03-17,10.42,mm199762
2017-03-18,15.387,mm199762
2017-03-19,19.504,mm199762
2017-03-20,16.055,mm199762
2017-03-21,11.81,mm199762
2017-03-22,14.156,mm199762
2017-03-23,12.685,mm199762
2017-03-24,12.51,mm199762
2017-03-25,9.675,mm199762
2017-03-26,19.974,mm199762
2017-03-27,13.136,mm199762
2017-03-28,10.751,mm199762
2017-03-29,13.516,mm199762
2017-03-30,11.647,mm199762
2017-03-31,9.147,mm199762
2017-04-01,13.458,mm199762
2017-04-02,17.081,mm199762
2017-04-03,12.488,mm199762
2017-04-04,12.046,mm199762
2017-04-05,15.948,mm199762
2017-04-06,10.738,mm199762
2017-04-07,9.574,mm199762
2017-04-08,17.746,mm199762
2017-04-09,19.369,mm199762
2017-04-10,9.284,mm199762
2017-04-11,11.963,mm199762
2017-04-12,15.044,mm199762
2017-04-13,12.46,mm199762
2017-04-14,12.015,mm199762
2017-04-15,17.681,mm199762
2017-04-16,10.609,mm199762
2017-04-17,15.72,mm199762
2017-04-18,14.087,mm199762
2017-04-19,11.588,mm199762
2017-04-20,11.463,mm199762
2017-04-21,13.429,mm199762
2017-04-22,17.996,mm199762
2017-04-23,16.93,mm199762
2017-04-24,11.355,mm199762
2017-04-25,12.712,mm199762
2017-04-26,11.66,mm199762
2017-04-27,19.273,mm199762
2017-04-28,14.873,mm199762
2017-04-29,17.32,mm199762
2017-04-30,19.634,mm199762
2017-05-01,6.806,mm199762
2017-05-02,17.159,mm199762
2017-05-03,9.799,mm199762
2017-05-04,13.231,mm199762
2017-05-05,12.375,mm199762
2017-05-06,16.28,mm199762
2017-05-07,13.399,mm199762
2017-05-08,17.114,mm199762
2017-05-09,11.018,mm199762
2017-05-10,13.099,mm199762
2017-05-11,12.074,mm199762
2017-05-12,14.569,mm199762
2017-05-13,9.46,mm199762
2017-05-14,18.924,mm199762
2017-05-15,10.422,mm199762
2017-05-16,10.363,mm199762
2017-05-17,9.488,mm199762
2017-05-18,13.99,mm199762
2017-05-19,8.242,mm199762
2017-05-20,18.958,mm199762
2017-05-21,14.663,mm199762
2017-05-22,10.39,mm199762
2017-05-23,11.899,mm199762
2017-05-24,5.732,mm199762
2017-05-25,9.718,mm199762
2017-05-26,9.787,mm199762
2017-05-27,9.78,mm199762
2017-05-28,13.301,mm199762
2017-05-29,10.551,mm199762
2017-05-30,10.798,mm199762
2017-05-31,10.949,mm199762
2017-06-01,12.001,mm199762
2017-06-02,11.007,mm199762
2017-06-03,8.556,mm199762
2017-06-04,17.953,mm199762
2017-06-05,8.533,mm199762
2017-06-06,9.857,mm199762
2017-06-07,8.102,mm199762
2017-06-08,8.779,mm199762
2017-06-09,13.248,mm199762
2017-06-10,12.221,mm199762
2017-06-11,16.014,mm199762
2017-06-12,6.848,mm199762
2017-06-13,10.186,mm199762
2017-06-14,9.437,mm199762
2017-06-15,7.198,mm199762
2017-06-16,8.936,mm199762
2017-06-17,11.705,mm199762
2017-06-18,13.754,mm199762
2017-06-19,6.891,mm199762
2017-06-20,8.031,mm199762
2017-06-21,10.512,mm199762
2017-06-22,9.971,mm199762
2017-06-23,8.502,mm199762
2017-06-24,9.604,mm199762
2017-06-25,9.855,mm199762
2017-06-26,14.857,mm199762
2017-06-27,10.91,mm199762
2017-06-28,10.764,mm199762
2017-06-29,9.095,mm199762
2017-06-30,12.059,mm199762
2017-07-01,13.188,mm199762
2017-07-02,13.758,mm199762
2017-07-03,10.746,mm199762
2017-07-04,12.093,mm199762
2017-07-05,8.228,mm199762
2017-07-06,12.112,mm199762
2017-07-07,8.492,mm199762
2017-07-08,15.325,mm199762
2017-07-09,5.835,mm199762
2017-07-10,11.118,mm199762
2017-07-11,8.153,mm199762
2017-07-12,7.398,mm199762
2017-07-13,10.547,mm199762
2017-07-14,8.485,mm199762
2017-07-15,13.962,mm199762
2017-07-16,7.105,mm199762
2017-07-17,11.565,mm199762
2017-07-18,11.763,mm199762
2017-07-19,10.041,mm199762
2017-07-20,11.978,mm199762
2017-07-21,8.627,mm199762
2017-07-22,14.849,mm199762
2017-07-23,11.258,mm199762
2017-07-24,8.378,mm199762
2017-07-25,11.332,mm199762
2017-07-26,11.25,mm199762
2017-07-27,10.78,mm199762
2017-07-28,9.975,mm199762
2017-07-29,14.909,mm199762
2017-07-30,5.75,mm199762
2017-07-31,13.038,mm199762
2017-08-01,8.938,mm199762
2017-08-02,3.168,mm199762
2017-08-03,2.659,mm199762
2017-08-04,2.811,mm199762
2017-08-05,2.814,mm199762
2017-08-06,2.857,mm199762
2017-08-07,8.986,mm199762
2017-08-08,12.646,mm199762
2017-08-09,5.023,mm199762
2017-08-10,12.928,mm199762
2017-08-11,10.744,mm199762
2017-08-12,14.414,mm199762
2017-08-13,18.64,mm199762
2017-08-14,17.593,mm199762
2017-08-15,16.132,mm199762
2017-08-16,14.32,mm199762
2017-08-17,10.754,mm199762
2017-08-18,9.349,mm199762
2017-08-19,10.369,mm199762
2017-08-20,7.484,mm199762
2017-08-21,12.133,mm199762
2017-08-22,8.899,mm199762
2017-08-23,10.283,mm199762
2017-08-24,11.407,mm199762
2017-08-25,8.679,mm199762
2017-08-26,9.564,mm199762
2017-08-27,11.433,mm199762
2017-08-28,9.78,mm199762
2017-08-29,12.181,mm199762
2017-08-30,7.801,mm199762
2017-08-31,10.657,mm199762
2017-09-01,12.273,mm199762
2017-09-02,10.156,mm199762
2017-09-03,14.798,mm199762
2017-09-04,12.534,mm199762
2017-09-05,9.197,mm199762
2017-09-06,14.998,mm199762
2017-09-07,9.895,mm199762
2017-09-08,12.607,mm199762
2017-09-09,9.406,mm199762
2017-09-10,15.811,mm199762
2017-09-11,10.919,mm199762
2017-09-12,12.195,mm199762
2017-09-13,9.622,mm199762
2017-09-14,13.173,mm199762
2017-09-15,12.261,mm199762
2017-09-16,14.467,mm199762
2017-09-17,10.906,mm199762
2017-09-18,13.826,mm199762
2017-09-19,9.183,mm199762
2017-09-20,11.305,mm199762
2017-09-21,14.169,mm199762
2017-09-22,10.723,mm199762
2017-09-23,12.88,mm199762
2017-09-24,18.193,mm199762
2017-09-25,13.529,mm199762
2017-09-26,10.831,mm199762
2017-09-27,11.985,mm199762
2017-09-28,12.325,mm199762
2017-09-29,8.424,mm199762
2017-09-30,14.11,mm199762
2017-10-01,11.167,mm199762
2017-10-02,14.954,mm199762
2017-10-03,11.956,mm199762
2017-10-04,12.888,mm199762
2017-10-05,10.38,mm199762
2017-10-06,12.21,mm199762
2017-10-07,14.616,mm199762
2017-10-08,14.082,mm199762
2017-10-09,12.624,mm199762
2017-10-10,12.679,mm199762
2017-10-11,11.524,mm199762
2017-10-12,10.332,mm199762
2017-10-13,10.658,mm199762
2017-10-14,18.437,mm199762
2017-10-15,25.084,mm199762
2017-10-16,12.726,mm199762
2017-10-17,13.02,mm199762
2017-10-18,10.311,mm199762
2017-10-19,14.445,mm199762
2017-10-20,11.893,mm199762
2017-10-21,13.589,mm199762
2017-10-22,20.392,mm199762
2017-10-23,12.067,mm199762
2017-10-24,15.705,mm199762
2017-10-25,11.126,mm199762
2017-10-26,12.601,mm199762
2017-10-27,10.66,mm199762
2017-10-28,18.928,mm199762
2017-10-29,10.458,mm199762
2017-10-30,13.443,mm199762
2017-10-31,11.849,mm199762
2017-11-01,7.956,mm199762
2017-11-02,12.307,mm199762
2017-11-03,14.703,mm199762
2017-11-04,14.807,mm199762
2017-11-05,18.256,mm199762
2017-11-06,8.965,mm199762
2017-11-07,14.346,mm199762
2017-11-08,14.536,mm199762
2017-11-09,15.796,mm199762
2017-11-10,13.512,mm199762
2017-11-11,17.707,mm199762
2017-11-12,14.25,mm199762
2017-11-13,15.38,mm199762
2017-11-14,14.327,mm199762
2017-11-15,15.795,mm199762
2017-11-16,12.58,mm199762
2017-11-17,18.425,mm199762
2017-11-18,19.123,mm199762
2017-11-19,21.041,mm199762
2017-11-20,16.018,mm199762
2017-11-21,13.237,mm199762
2017-11-22,14.114,mm199762
2017-11-23,13.612,mm199762
2017-11-24,14.263,mm199762
2017-11-25,34.306,mm199762
2017-11-26,15.584,mm199762
2017-11-27,13.528,mm199762
2017-11-28,13.797,mm199762
2017-11-29,17.174,mm199762
2017-11-30,12.566,mm199762
2017-12-01,14.746,mm199762
2017-12-02,16.092,mm199762
2017-12-03,13.729,mm199762
2017-12-04,16.581,mm199762
2017-12-05,16.444,mm199762
2017-12-06,13.016,mm199762
2017-12-07,11.522,mm199762
2017-12-08,15.511,mm199762
2017-12-09,15.997,mm199762
2017-12-10,19.219,mm199762
2017-12-11,14.044,mm199762
2017-12-12,13.382,mm199762
2017-12-13,12.184,mm199762
2017-12-14,13.378,mm199762
2017-12-15,15.77,mm199762
2017-12-16,16.829,mm199762
2017-12-17,12.691,mm199762
2017-12-18,12.53,mm199762
2017-12-19,14.263,mm199762
2017-12-20,13.898,mm199762
2017-12-21,15.849,mm199762
2017-12-22,12.947,mm199762
2017-12-23,19.795,mm199762
2017-12-24,9.463,mm199762
2017-12-25,22.26,mm199762
2017-12-26,13.118,mm199762
2017-12-27,10.115,mm199762
2017-12-28,15.046,mm199762
2017-12-29,15.733,mm199762
2017-12-30,17.352,mm199762
2017-12-31,22.968,mm199762
2018-01-01,15.007,mm199762
2018-01-02,20.318,mm199762
2018-01-03,14.308,mm199762
2018-01-04,13.209,mm199762
2018-01-05,12.018,mm199762
2018-01-06,12.583,mm199762
2018-01-07,20.728,mm199762
2018-01-08,12.685,mm199762
2018-01-09,13.256,mm199762
2018-01-10,14.613,mm199762
2018-01-11,14.533,mm199762
2018-01-12,13.487,mm199762
2018-01-13,17.932,mm199762
2018-01-14,21.072,mm199762
2018-01-15,15.058,mm199762
2018-01-16,12.183,mm199762
2018-01-17,12.914,mm199762
2018-01-18,14.428,mm199762
2018-01-19,14.483,mm199762
2018-01-20,20.32,mm199762
2018-01-21,13.196,mm199762
2018-01-22,14.147,mm199762
2018-01-23,13.193,mm199762
2018-01-24,14.072,mm199762
2018-01-25,13.441,mm199762
2018-01-26,14.94,mm199762
2018-01-27,16.674,mm199762
2018-01-28,18.034,mm199762
2018-01-29,15.402,mm199762
2018-01-30,14.045,mm199762
2018-01-31,11.979,mm199762
2018-02-01,13.347,mm199762
2018-02-02,12.046,mm199762
2018-02-03,18.508,mm199762
2018-02-04,24.952,mm199762
2018-02-05,14.007,mm199762
2018-02-06,12.005,mm199762
2018-02-07,13.581,mm199762
2018-02-08,22.78,mm199762
2018-02-09,19.11,mm199762
2018-02-10,14.06,mm199762
2018-02-11,17.079,mm199762
2018-02-12,13.082,mm199762
2018-02-13,13.438,mm199762
2018-02-14,15.445,mm199762
2018-02-15,13.06,mm199762
2018-02-16,16.613,mm199762
2018-02-17,11.405,mm199762
2018-02-18,11.347,mm199762
2018-02-19,12.659,mm199762
2018-02-20,16.24,mm199762
2018-02-21,13.818,mm199762
2018-02-22,15.127,mm199762
2018-02-23,12.731,mm199762
2018-02-24,14.546,mm199762
2018-02-25,22.363,mm199762
2018-02-26,13.972,mm199762
2018-02-27,13.046,mm199762
2018-02-28,14.068,mm199762
2018-03-01,13.391,mm199762
2018-03-02,14.441,mm199762
2018-03-03,19.193,mm199762
2018-03-04,23.041,mm199762
2018-03-05,12.681,mm199762
2018-03-06,13.828,mm199762
2018-03-07,14.846,mm199762
2018-03-08,13.278,mm199762
2018-03-09,12.933,mm199762
2018-03-10,19.325,mm199762
2018-03-11,20.151,mm199762
2018-03-12,11.571,mm199762
2018-03-13,13.305,mm199762
2018-03-14,11.478,mm199762
2018-03-15,16.349,mm199762
2018-03-16,14.392,mm199762
2018-03-17,18.979,mm199762
2018-03-18,17.588,mm199762
2018-03-19,12.291,mm199762
2018-03-20,13.234,mm199762
2018-03-21,14.192,mm199762
2018-03-22,12.39,mm199762
2018-03-23,13.817,mm199762
2018-03-24,15.341,mm199762
2018-03-25,21.124,mm199762
2018-03-26,12.705,mm199762
2018-03-27,13.769,mm199762
2018-03-28,12.486,mm199762
2018-03-29,13.082,mm199762
2018-03-30,16.108,mm199762
2018-03-31,18.075,mm199762
2018-04-01,8.308,mm199762
2018-04-02,16.507,mm199762
2018-04-03,12.034,mm199762
2018-04-04,16.089,mm199762
2018-04-05,13.235,mm199762
2018-04-06,11.626,mm199762
2018-04-07,11.832,mm199762
2018-04-08,19.195,mm199762
2018-04-09,14.189,mm199762
2018-04-10,9.734,mm199762
2018-04-11,13.77,mm199762
2018-04-12,15.137,mm199762
2018-04-13,11.055,mm199762
2018-04-14,13.566,mm199762
2018-04-15,17.987,mm199762
2018-04-16,14.446,mm199762
2018-04-17,13.1,mm199762
2018-04-18,11.103,mm199762
2018-04-19,11.32,mm199762
2018-04-20,11.296,mm199762
2018-04-21,10.901,mm199762
2018-04-22,16.843,mm199762
2018-04-23,13.676,mm199762
2018-04-24,11.664,mm199762
2018-04-25,12.137,mm199762
2018-04-26,10.413,mm199762
2018-04-27,11.995,mm199762
2018-04-28,12.928,mm199762
2018-04-29,8.748,mm199762
2018-04-30,14.211,mm199762
2018-05-01,14.95,mm199762
2018-05-02,10.536,mm199762
2018-05-03,10.282,mm199762
2018-05-04,9.116,mm199762
2018-05-05,15.998,mm199762
2018-05-06,17.525,mm199762
2018-05-07,12.388,mm199762
2018-05-08,12.887,mm199762
2018-05-09,10.83,mm199762
2018-05-10,13.71,mm199762
2018-05-11,11.382,mm199762
2018-05-12,10.284,mm199762
2018-05-13,19.653,mm199762
2018-05-14,13.519,mm199762
2018-05-15,9.896,mm199762
2018-05-16,14.367,mm199762
2018-05-17,12.518,mm199762
2018-05-18,9.974,mm199762
2018-05-19,14.911,mm199762
2018-05-20,18.972,mm199762
2018-05-21,8.928,mm199762
2018-05-22,13.311,mm199762
2018-05-23,13.762,mm199762
2018-05-24,9.619,mm199762
2018-05-25,8.916,mm199762
2018-05-26,16.694,mm199762
2018-05-27,17.009,mm199762
2018-05-28,12.465,mm199762
2018-05-29,11.948,mm199762
2018-05-30,10.48,mm199762
2018-05-31,10.889,mm199762
2018-06-01,14.359,mm199762
2018-06-02,11.677,mm199762
2018-06-03,17.963,mm199762
2018-06-04,13.701,mm199762
2018-06-05,11.737,mm199762
2018-06-06,9.029,mm199762
2018-06-07,11.562,mm199762
2018-06-08,9.61,mm199762
2018-06-09,19.405,mm199762
2018-06-10,17.365,mm199762
2018-06-11,10.25,mm199762
2018-06-12,10.061,mm199762
2018-06-13,11.837,mm199762
2018-06-14,8.546,mm199762
2018-06-15,6.195,mm199762
2018-06-16,13.938,mm199762
2018-06-17,8.591,mm199762
2018-06-18,11.051,mm199762
2018-06-19,11.165,mm199762
2018-06-20,11.694,mm199762
2018-06-21,8.546,mm199762
2018-06-22,6.195,mm199762
2018-06-23,13.938,mm199762
2018-06-24,8.591,mm199762
2018-06-25,11.051,mm199762
2018-06-26,11.165,mm199762
2018-06-27,11.694,mm199762
2018-06-28,8.546,mm199762
2018-06-29,6.195,mm199762
2018-06-30,13.938,mm199762
2018-07-01,9.52,mm199762
2018-07-02,9.312,mm199762
2018-07-03,6.978,mm199762
2018-07-04,8.712,mm199762
2018-07-05,12.878,mm199762
2018-07-06,6.336,mm199762
2018-07-07,9.063,mm199762
2018-07-08,9.52,mm199762
2018-07-09,9.312,mm199762
2018-07-10,6.978,mm199762
2018-07-11,8.712,mm199762
2018-07-12,12.878,mm199762
2018-07-13,6.336,mm199762
2018-07-14,9.063,mm199762
2018-07-15,9.52,mm199762
2018-07-16,9.312,mm199762
2018-07-17,6.978,mm199762
2018-07-18,8.712,mm199762
2018-07-19,12.878,mm199762
2018-07-20,6.336,mm199762
2018-07-21,9.063,mm199762
2018-07-22,9.52,mm199762
2018-07-23,9.312,mm199762
2018-07-24,6.978,mm199762
2018-07-25,8.712,mm199762
2018-07-26,12.878,mm199762
2018-07-27,6.336,mm199762
2018-07-28,9.063,mm199762
2018-07-29,9.52,mm199762
2018-07-30,9.312,mm199762
2018-07-31,6.978,mm199762
2018-08-01,4.881,mm199762
2018-08-02,7.623,mm199762
2018-08-03,10.939,mm199762
2018-08-04,12.513,mm199762
2018-08-05,4.974,mm199762
2018-08-06,6.811,mm199762
2018-08-07,7.809,mm199762
2018-08-08,4.881,mm199762
2018-08-09,7.623,mm199762
2018-08-10,10.939,mm199762
2018-08-11,12.513,mm199762
2018-08-12,4.974,mm199762
2018-08-13,6.811,mm199762
2018-08-14,7.809,mm199762
2018-08-15,4.881,mm199762
2018-08-16,7.623,mm199762
2018-08-17,10.939,mm199762
2018-08-18,12.513,mm199762
2018-08-19,4.974,mm199762
2018-08-20,6.811,mm199762
2018-08-21,7.809,mm199762
2018-08-22,4.881,mm199762
2018-08-23,7.623,mm199762
2018-08-24,10.939,mm199762
2018-08-25,12.513,mm199762
2018-08-26,4.974,mm199762
2018-08-27,6.811,mm199762
2018-08-28,7.809,mm199762
2018-08-29,4.881,mm199762
2018-08-30,7.623,mm199762
2018-08-31,10.939,mm199762
2018-09-01,13.971,mm199762
2018-09-02,6.755,mm199762
2018-09-03,10.382,mm199762
2018-09-04,8.266,mm199762
2018-09-05,8.729,mm199762
2018-09-06,7.172,mm199762
2018-09-07,5.874,mm199762
2018-09-08,13.971,mm199762
2018-09-09,6.755,mm199762
2018-09-10,10.382,mm199762
2018-09-11,8.266,mm199762
2018-09-12,8.729,mm199762
2018-09-13,7.172,mm199762
2018-09-14,5.874,mm199762
2018-09-15,13.971,mm199762
2018-09-16,6.755,mm199762
2018-09-17,10.382,mm199762
2018-09-18,8.266,mm199762
2018-09-19,8.729,mm199762
2018-09-20,7.172,mm199762
2018-09-21,5.874,mm199762
2018-09-22,13.971,mm199762
2018-09-23,6.755,mm199762
2018-09-24,10.382,mm199762
2018-09-25,8.266,mm199762
2018-09-26,8.729,mm199762
2018-09-27,7.172,mm199762
2018-09-28,5.874,mm199762
2018-09-29,13.971,mm199762
2018-09-30,6.755,mm199762
2018-10-01,9.148,mm199762
2018-10-02,13.999,mm199762
2018-10-03,9.994,mm199762
2018-10-04,9.949,mm199762
2018-10-05,7.578,mm199762
2018-10-06,20.794,mm199762
2018-10-07,14.661,mm199762
2018-10-08,9.148,mm199762
2018-10-09,13.999,mm199762
2018-10-10,9.994,mm199762
2018-10-11,9.949,mm199762
2018-10-12,7.578,mm199762
2018-10-13,20.794,mm199762
2018-10-14,14.661,mm199762
2018-10-15,9.148,mm199762
2018-10-16,13.999,mm199762
2018-10-17,9.994,mm199762
2018-10-18,9.949,mm199762
2018-10-19,7.578,mm199762
2018-10-20,20.794,mm199762
2018-10-21,14.661,mm199762
2018-10-22,9.148,mm199762
2018-10-23,13.999,mm199762
2018-10-24,9.994,mm199762
2018-10-25,9.949,mm199762
2018-10-26,7.578,mm199762
2018-10-27,20.794,mm199762
2018-10-28,14.661,mm199762
2018-10-29,9.148,mm199762
2018-10-30,13.999,mm199762
2018-10-31,9.994,mm199762
2018-11-01,13.52,mm199762
2018-11-02,13.837,mm199762
2018-11-03,15.103,mm199762
2018-11-04,9.637,mm199762
2018-11-05,10.763,mm199762
2018-11-06,12.422,mm199762
2018-11-07,10.687,mm199762
2018-11-08,13.52,mm199762
2018-11-09,13.837,mm199762
2018-11-10,15.103,mm199762
2018-11-11,9.637,mm199762
2018-11-12,10.763,mm199762
2018-11-13,12.422,mm199762
2018-11-14,10.687,mm199762
2018-11-15,13.52,mm199762
2018-11-16,13.837,mm199762
2018-11-17,15.103,mm199762
2018-11-18,9.637,mm199762
2018-11-19,10.763,mm199762
2018-11-20,12.422,mm199762
2018-11-21,10.687,mm199762
2018-11-22,13.52,mm199762
2018-11-23,13.837,mm199762
2018-11-24,15.103,mm199762
2018-11-25,9.637,mm199762
2018-11-26,10.763,mm199762
2018-11-27,12.422,mm199762
2018-11-28,10.687,mm199762
2018-11-29,13.52,mm199762
2018-11-30,13.837,mm199762
2018-12-01,12.855,mm199762
2018-12-02,15.848,mm199762
2018-12-03,13.08,mm199762
2018-12-04,12.232,mm199762
2018-12-05,10.6,mm199762
2018-12-06,16.016,mm199762
2018-12-07,13.18,mm199762
2018-12-08,12.855,mm199762
2018-12-09,15.848,mm199762
2018-12-10,13.08,mm199762
2018-12-11,12.232,mm199762
2018-12-12,10.6,mm199762
2018-12-13,16.016,mm199762
2018-12-14,13.18,mm199762
2018-12-15,12.855,mm199762
2018-12-16,15.848,mm199762
2018-12-17,13.08,mm199762
2018-12-18,12.232,mm199762
2018-12-19,10.6,mm199762
2018-12-20,16.016,mm199762
2018-12-21,13.18,mm199762
2018-12-22,12.855,mm199762
2018-12-23,15.848,mm199762
2018-12-24,13.08,mm199762
2018-12-25,12.232,mm199762
2018-12-26,10.6,mm199762
2018-12-27,16.016,mm199762
2018-12-28,13.18,mm199762
2018-12-29,12.855,mm199762
2018-12-30,15.848,mm199762
2018-12-31,13.08,mm199762
2019-01-01,12.072,mm199762
2019-01-02,11.453,mm199762
2019-01-03,14.86,mm199762
2019-01-04,15.166,mm199762
2019-01-05,24.352,mm199762
2019-01-06,20.249,mm199762
2019-01-07,11.556,mm199762
2019-01-08,12.072,mm199762
2019-01-09,11.453,mm199762
2019-01-10,14.86,mm199762
2019-01-11,15.166,mm199762
2019-01-12,24.352,mm199762
2019-01-13,20.249,mm199762
2019-01-14,11.556,mm199762
2019-01-15,12.072,mm199762
2019-01-16,11.453,mm199762
2019-01-17,14.86,mm199762
2019-01-18,15.166,mm199762
2019-01-19,24.352,mm199762
2019-01-20,20.249,mm199762
2019-01-21,11.556,mm199762
2019-01-22,12.072,mm199762
2019-01-23,11.453,mm199762
2019-01-24,14.86,mm199762
2019-01-25,15.166,mm199762
2019-01-26,24.352,mm199762
2019-01-27,20.249,mm199762
2019-01-28,11.556,mm199762
2019-01-29,12.072,mm199762
2019-01-30,11.453,mm199762
2019-01-31,14.86,mm199762
2019-02-01,11.545,mm199762
2019-02-02,15.003,mm199762
2019-02-03,14.815,mm199762
2019-02-04,12.664,mm199762
2019-02-05,10.328,mm199762
2019-02-06,12.246,mm199762
2019-02-07,13.231,mm199762
2019-02-08,11.545,mm199762
2019-02-09,15.003,mm199762
2019-02-10,14.815,mm199762
2019-02-11,12.664,mm199762
2019-02-12,10.328,mm199762
2019-02-13,12.246,mm199762
2019-02-14,13.231,mm199762
2019-02-15,11.545,mm199762
2019-02-16,15.003,mm199762
2019-02-17,14.815,mm199762
2019-02-18,12.664,mm199762
2019-02-19,10.328,mm199762
2019-02-20,12.246,mm199762
2019-02-21,13.231,mm199762
2019-02-22,11.545,mm199762
2019-02-23,15.003,mm199762
2019-02-24,14.815,mm199762
2019-02-25,12.664,mm199762
2019-02-26,10.328,mm199762
2019-02-27,12.246,mm199762
2019-02-28,13.231,mm199762
2019-03-01,9.77,mm199762
2019-03-02,20.009,mm199762
2019-03-03,17.011,mm199762
2019-03-04,12.142,mm199762
2019-03-05,10.618,mm199762
2019-03-06,10.433,mm199762
2019-03-07,11.758,mm199762
2019-03-08,9.77,mm199762
2019-03-09,20.009,mm199762
2019-03-10,17.011,mm199762
2019-03-11,12.142,mm199762
2019-03-12,10.618,mm199762
2019-03-13,10.433,mm199762
2019-03-14,11.758,mm199762
2019-03-15,9.77,mm199762
2019-03-16,20.009,mm199762
2019-03-17,17.011,mm199762
2019-03-18,12.142,mm199762
2019-03-19,10.618,mm199762
2019-03-20,10.433,mm199762
2019-03-21,11.758,mm199762
2019-03-22,9.77,mm199762
2019-03-23,20.009,mm199762
2019-03-24,17.011,mm199762
2019-03-25,12.142,mm199762
2019-03-26,10.618,mm199762
2019-03-27,10.433,mm199762
2019-03-28,11.758,mm199762
2019-03-29,9.77,mm199762
2019-03-30,20.009,mm199762
2019-03-31,17.011,mm199762
2019-04-01,9.508,mm199762
2019-04-02,10.745,mm199762
2019-04-03,11.504,mm199762
2019-04-04,11.099,mm199762
2019-04-05,9.805,mm199762
2019-04-06,12.351,mm199762
2019-04-07,13.646,mm199762
2019-04-08,9.508,mm199762
2019-04-09,10.745,mm199762
2019-04-10,11.504,mm199762
2019-04-11,11.099,mm199762
2019-04-12,9.805,mm199762
2019-04-13,12.351,mm199762
2019-04-14,13.646,mm199762
2019-04-15,9.508,mm199762
2019-04-16,10.745,mm199762
2019-04-17,11.504,mm199762
2019-04-18,11.099,mm199762
2019-04-19,9.805,mm199762
2019-04-20,12.351,mm199762
2019-04-21,13.646,mm199762
2019-04-22,9.508,mm199762
2019-04-23,10.745,mm199762
2019-04-24,11.504,mm199762
2019-04-25,11.099,mm199762
2019-04-26,9.805,mm199762
2019-04-27,12.351,mm199762
2019-04-28,13.646,mm199762
2019-04-29,9.508,mm199762
2019-04-30,10.745,mm199762
2019-05-01,9.252,mm199762
2019-05-02,10.807,mm199762
2019-05-03,9.557,mm199762
2019-05-04,14.103,mm199762
2019-05-05,10.952,mm199762
2019-05-06,10.776,mm199762
2019-05-07,11.042,mm199762
2019-05-08,9.252,mm199762
2019-05-09,10.807,mm199762
2019-05-10,9.557,mm199762
2019-05-11,14.103,mm199762
2019-05-12,10.952,mm199762
2019-05-13,10.776,mm199762
2019-05-14,11.042,mm199762
2019-05-15,9.252,mm199762
2019-05-16,10.807,mm199762
2019-05-17,9.557,mm199762
2019-05-18,14.103,mm199762
2019-05-19,10.952,mm199762
2019-05-20,10.776,mm199762
2019-05-21,11.042,mm199762
2019-05-22,9.252,mm199762
2019-05-23,10.807,mm199762
2019-05-24,9.557,mm199762
2019-05-25,14.103,mm199762
2019-05-26,10.952,mm199762
2019-05-27,10.776,mm199762
2019-05-28,11.042,mm199762
2019-05-29,9.252,mm199762
2019-05-30,10.807,mm199762
2019-05-31,9.557,mm199762
2019-06-01,13.938,mm199762
2019-06-02,8.591,mm199762
2019-06-03,11.051,mm199762
2019-06-04,11.165,mm199762
2019-06-05,11.694,mm199762
2019-06-06,8.546,mm199762
2019-06-07,6.195,mm199762
2019-06-08,13.938,mm199762
2019-06-09,8.591,mm199762
2019-06-10,11.051,mm199762
2019-06-11,11.165,mm199762
2019-06-12,11.694,mm199762
2019-06-13,8.546,mm199762
2019-06-14,6.195,mm199762
2019-06-15,13.938,mm199762
2019-06-16,8.591,mm199762
2019-06-17,11.051,mm199762
2019-06-18,11.165,mm199762
2019-06-19,11.694,mm199762
2019-06-20,8.546,mm199762
2019-06-21,6.195,mm199762
2019-06-22,13.938,mm199762
2019-06-23,8.591,mm199762
2019-06-24,11.051,mm199762
2019-06-25,11.165,mm199762
2019-06-26,11.694,mm199762
2019-06-27,8.546,mm199762
2019-06-28,6.195,mm199762
2019-06-29,13.938,mm199762
2019-06-30,8.591,mm199762
2019-07-01,9.312,mm199762
2019-07-02,6.978,mm199762
2019-07-03,8.712,mm199762
2019-07-04,12.878,mm199762
2019-07-05,6.336,mm199762
2019-07-06,9.063,mm199762
2019-07-07,9.52,mm199762
2019-07-08,9.312,mm199762
2019-07-09,6.978,mm199762
2019-07-10,8.712,mm199762
2019-07-11,12.878,mm199762
2019-07-12,6.336,mm199762
2019-07-13,9.063,mm199762
2019-07-14,9.52,mm199762
2019-07-15,9.312,mm199762
2019-07-16,6.978,mm199762
2019-07-17,8.712,mm199762
2019-07-18,12.878,mm199762
2019-07-19,6.336,mm199762
2019-07-20,9.063,mm199762
2019-07-21,9.52,mm199762
2019-07-22,9.312,mm199762
2019-07-23,6.978,mm199762
2019-07-24,8.712,mm199762
2019-07-25,12.878,mm199762
2019-07-26,6.336,mm199762
2019-07-27,9.063,mm199762
2019-07-28,9.52,mm199762
2019-07-29,9.312,mm199762
2019-07-30,6.978,mm199762
2019-07-31,8.712,mm199762
2019-08-01,7.623,mm199762
2019-08-02,10.939,mm199762
2019-08-03,12.513,mm199762
2019-08-04,4.974,mm199762
2019-08-05,6.811,mm199762
2019-08-06,7.809,mm199762
2019-08-07,4.881,mm199762
2019-08-08,7.623,mm199762
2019-08-09,10.939,mm199762
2019-08-10,12.513,mm199762
2019-08-11,4.974,mm199762
2019-08-12,6.811,mm199762
2019-08-13,7.809,mm199762
2019-08-14,4.881,mm199762
2019-08-15,7.623,mm199762
2019-08-16,10.939,mm199762
2019-08-17,12.513,mm199762
2019-08-18,4.974,mm199762
2019-08-19,6.811,mm199762
2019-08-20,7.809,mm199762
2019-08-21,4.881,mm199762
2019-08-22,7.623,mm199762
2019-08-23,10.939,mm199762
2019-08-24,12.513,mm199762
2019-08-25,4.974,mm199762
2019-08-26,6.811,mm199762
2019-08-27,7.809,mm199762
2019-08-28,4.881,mm199762
2019-08-29,7.623,mm199762
2019-08-30,10.939,mm199762
2019-08-31,12.513,mm199762
2019-09-01,6.755,mm199762
2019-09-02,10.382,mm199762
2019-09-03,8.266,mm199762
2019-09-04,8.729,mm199762
2019-09-05,7.172,mm199762
2019-09-06,5.874,mm199762
2019-09-07,13.971,mm199762
2019-09-08,6.755,mm199762
2019-09-09,10.382,mm199762
2019-09-10,8.266,mm199762
2019-09-11,8.729,mm199762
2019-09-12,7.172,mm199762
2019-09-13,5.874,mm199762
2019-09-14,13.971,mm199762
2019-09-15,6.755,mm199762
2019-09-16,10.382,mm199762
2019-09-17,8.266,mm199762
2019-09-18,8.729,mm199762
2019-09-19,7.172,mm199762
2019-09-20,5.874,mm199762
2019-09-21,13.971,mm199762
2019-09-22,6.755,mm199762
2019-09-23,10.382,mm199762
2019-09-24,8.266,mm199762
2019-09-25,8.729,mm199762
2019-09-26,7.172,mm199762
2019-09-27,5.874,mm199762
2019-09-28,13.971,mm199762
2019-09-29,6.755,mm199762
2019-09-30,10.382,mm199762
2019-10-01,13.999,mm199762
2019-10-02,9.994,mm199762
2019-10-03,9.949,mm199762
2019-10-04,7.578,mm199762
2019-10-05,20.794,mm199762
2019-10-06,14.661,mm199762
2019-10-07,9.148,mm199762
2019-10-08,13.999,mm199762
2019-10-09,9.994,mm199762
2019-10-10,9.949,mm199762
2019-10-11,7.578,mm199762
2019-10-12,20.794,mm199762
2019-10-13,14.661,mm199762
2019-10-14,9.148,mm199762
2019-10-15,13.999,mm199762
2019-10-16,9.994,mm199762
2019-10-17,11.016,mm199762
2019-10-18,11.057,mm199762
2019-10-19,14.319,mm199762
2019-10-20,15.247,mm199762
2019-10-21,14.938,mm199762
2019-10-22,13.222,mm199762
2019-10-23,14.034,mm199762
2019-10-24,9.339,mm199762
2019-10-25,12.214,mm199762
2019-10-26,15.232,mm199762
2019-10-27,9.302,mm199762
2019-10-28,14.335,mm199762
2019-10-29,17.667,mm199762
2019-10-30,19.38,mm199762
2019-10-31,12.637,mm199762
2019-11-01,8.837,mm199762
2019-11-02,19.579,mm199762
2019-11-03,20.702,mm199762
2019-11-04,14.192,mm199762
2019-11-05,15.192,mm199762
2019-11-06,13.579,mm199762
2019-11-07,14.414,mm199762
2019-11-08,13.251,mm199762
2019-11-09,25.77,mm199762
2019-11-10,13.026,mm199762
2019-11-11,17.341,mm199762
2019-11-12,14.014,mm199762
2019-11-13,14.197,mm199762
2019-11-14,17.425,mm199762
2019-11-15,9.853,mm199762
2019-11-16,21.388,mm199762
2019-11-17,18.857,mm199762
2019-11-18,17.867,mm199762
2019-11-19,14.415,mm199762
2019-11-20,15.204,mm199762
2019-11-21,16.411,mm199762
2019-11-22,16.544,mm199762
2019-11-23,12.61,mm199762
2019-11-24,15.511,mm199762
2019-11-25,14.285,mm199762
2019-11-26,17.685,mm199762
2019-11-27,14.462,mm199762
2019-11-28,11.989,mm199762
2019-11-29,10.454,mm199762
2019-11-30,19.894,mm199762
2019-12-01,14.576,mm199762
2019-12-02,15.558,mm199762
2019-12-03,12.334,mm199762
2019-12-04,14.876,mm199762
2019-12-05,12.459,mm199762
2019-12-06,16.096,mm199762
2019-12-07,12.57,mm199762
2019-12-08,19.242,mm199762
2019-12-09,13.747,mm199762
2019-12-10,13.71,mm199762
2019-12-11,12.735,mm199762
2019-12-12,13.855,mm199762
2019-12-13,13.207,mm199762
2019-12-14,22.381,mm199762
2019-12-15,25.316,mm199762
2019-12-16,13.615,mm199762
2019-12-17,15.117,mm199762
2019-12-18,13.222,mm199762
2019-12-19,13.747,mm199762
2019-12-20,11.507,mm199762
2019-12-21,19.535,mm199762
2019-12-22,22.397,mm199762
2019-12-23,12.56,mm199762
2019-12-24,16.44,mm199762
2019-12-25,16.436,mm199762
2019-12-26,11.548,mm199762
2019-12-27,14.555,mm199762
2019-12-28,14.565,mm199762
2019-12-29,13.514,mm199762
2019-12-30,18.601,mm199762
2019-12-31,20.795,mm199762
2020-01-01,15.965,mm199762
2020-01-02,17.535,mm199762
2020-01-03,14.761,mm199762
2020-01-04,18.349,mm199762
2020-01-05,20.42,mm199762
2020-01-06,14.648,mm199762
2020-01-07,13.58,mm199762
2020-01-08,16.862,mm199762
2020-01-09,13.057,mm199762
2020-01-10,11.654,mm199762
2020-01-11,17.164,mm199762
2020-01-12,20.391,mm199762
2020-01-13,14.317,mm199762
2020-01-14,14.717,mm199762
2020-01-15,17.156,mm199762
2020-01-16,12.883,mm199762
2020-01-17,13.149,mm199762
2020-01-18,16.823,mm199762
2020-01-19,20.819,mm199762
2020-01-20,13.934,mm199762
2020-01-21,12.118,mm199762
2020-01-22,12.777,mm199762
2020-01-23,12.158,mm199762
2020-01-24,14.875,mm199762
2020-01-25,18.865,mm199762
2020-01-26,10.105,mm199762
2020-01-27,16.221,mm199762
2020-01-28,13.751,mm199762
2020-01-29,13.348,mm199762
2020-01-30,13.566,mm199762
2020-01-31,12.852,mm199762
2020-02-01,14.677,mm199762
2020-02-02,22.352,mm199762
2020-02-03,11.201,mm199762
2020-02-04,10.45,mm199762
2020-02-05,12.188,mm199762
2020-02-06,11.797,mm199762
2020-02-07,11.148,mm199762
2020-02-08,17.487,mm199762
2020-02-09,12.313,mm199762
2020-02-10,11.054,mm199762
2020-02-11,14.349,mm199762
2020-02-12,9.99,mm199762
2020-02-13,9.831,mm199762
2020-02-14,12.443,mm199762
2020-02-15,18.966,mm199762
2020-02-16,19.067,mm199762
2020-02-17,13.861,mm199762
2020-02-18,15.355,mm199762
2020-02-19,15.49,mm199762
2020-02-20,11.149,mm199762
2020-02-21,13.517,mm199762
2020-02-22,16.162,mm199762
2020-02-23,11.37,mm199762
2020-02-24,14.309,mm199762
2020-02-25,15.56,mm199762
2020-02-26,15.322,mm199762
2020-02-27,11.733,mm199762
2020-02-28,12.611,mm199762
2020-02-29,22.816,mm199762
2020-03-01,19.821,mm199762
2020-03-02,12.706,mm199762
2020-03-03,12.539,mm199762
2020-03-04,15.245,mm199762
2020-03-05,13.763,mm199762
2020-03-06,12.598,mm199762
2020-03-07,12.752,mm199762
2020-03-08,21.937,mm199762
2020-03-09,11.899,mm199762
2020-03-10,11.007,mm199762
2020-03-11,12.656,mm199762
2020-03-12,11.137,mm199762
2020-03-13,14.837,mm199762
2020-03-14,19.935,mm199762
2020-03-15,18.554,mm199762
2020-03-16,15.338,mm199762
2020-03-17,17.028,mm199762
2020-03-18,15.357,mm199762
2020-03-19,16.018,mm199762
2020-03-20,16.258,mm199762
2020-03-21,12.53,mm199762
2020-03-22,17.204,mm199762
2020-03-23,13.242,mm199762
2020-03-24,18.234,mm199762
2020-03-25,15.364,mm199762
2020-03-26,14.212,mm199762
2020-03-27,13.366,mm199762
2020-03-28,17.538,mm199762
2020-03-29,16.491,mm199762
2020-03-30,14.692,mm199762
2020-03-31,15.826,mm199762
2020-04-01,11.939,mm199762
2020-04-02,13.939,mm199762
2020-04-03,12.522,mm199762
2020-04-04,14.916,mm199762
2020-04-05,15.119,mm199762
2020-04-06,15.486,mm199762
2020-04-07,12.649,mm199762
2020-04-08,11.188,mm199762
2020-04-09,13.123,mm199762
2020-04-10,17.296,mm199762
2020-04-11,14.896,mm199762
2020-04-12,11.815,mm199762
2020-04-13,11.023,mm199762
2020-04-14,14.103,mm199762
2020-04-15,12.16,mm199762
2020-04-16,12.907,mm199762
2020-04-17,12.099,mm199762
2020-04-18,14.768,mm199762
2020-04-19,16.851,mm199762
2020-04-20,18.223,mm199762
2020-04-21,13.656,mm199762
2020-04-22,12.844,mm199762
2020-04-23,14.435,mm199762
2020-04-24,15.455,mm199762
2020-04-25,15.975,mm199762
2020-04-26,12.12,mm199762
2020-04-27,13.173,mm199762
2020-04-28,15.496,mm199762
2020-04-29,12.854,mm199762
2020-04-30,11.666,mm199762
2020-05-01,12.461,mm199762
2020-05-02,16.168,mm199762
2020-05-03,10.916,mm199762
2020-05-04,10.916,mm199762
2020-05-05,14.587,mm199762
2020-05-06,13.414,mm199762
2020-05-07,10.61,mm199762
2020-05-08,15.711,mm199762
2020-05-09,9.016,mm199762
2020-05-10,12.591,mm199762
2020-05-11,12.43,mm199762
2020-05-12,12.845,mm199762
2020-05-13,11.422,mm199762
2020-05-14,12.648,mm199762
2020-05-15,11.016,mm199762
2020-05-16,14.774,mm199762
2020-05-17,17.078,mm199762
2020-05-18,13.605,mm199762
2020-05-19,14.862,mm199762
2020-05-20,14.659,mm199762
2020-05-21,16.531,mm199762
2020-05-22,9.956,mm199762
2020-05-23,15.202,mm199762
2020-05-24,15.237,mm199762
2020-05-25,15.053,mm199762
2020-05-26,10.141,mm199762
2020-05-27,15.161,mm199762
2020-05-28,14.61,mm199762
